date,session_id,duration_min,compaction_count,branch,notes
2026-02-23,21425,unknown,unknown,feature/epic-3,
2026-02-23,27993,unknown,unknown,feature/epic-3,
2026-02-23,47990,unknown,unknown,feature/epic-3,
2026-02-23,57933,unknown,unknown,feature/epic-3,
2026-02-23,61795,unknown,unknown,feature/epic-3,
2026-02-23,71033,unknown,unknown,feature/epic-3,
2026-02-23,86587,unknown,unknown,feature/epic-3,
2026-02-23,94413,unknown,unknown,feature/epic-3,
2026-02-23,98836,unknown,unknown,feature/epic-3,
2026-02-23,123542,unknown,unknown,feature/epic-3,
2026-02-23,134265,unknown,unknown,feature/epic-3,
2026-02-23,138475,unknown,unknown,feature/epic-3,
2026-02-23,173338,unknown,unknown,feature/epic-3,
2026-02-23,177901,unknown,unknown,feature/epic-3,
2026-02-23,178965,unknown,unknown,feature/epic-3,
2026-02-23,187599,unknown,unknown,feature/epic-3,
2026-02-23,189063,unknown,unknown,feature/epic-3,
2026-02-23,203434,unknown,unknown,feature/epic-3,
2026-02-23,265283,unknown,unknown,feature/epic-3,
2026-02-23,275195,unknown,unknown,feature/epic-3,
2026-02-23,283195,unknown,unknown,feature/epic-3,
2026-02-23,285604,unknown,unknown,feature/epic-3,
2026-02-23,341081,unknown,unknown,feature/epic-3,
2026-02-23,344615,unknown,unknown,feature/epic-3,
2026-02-23,430820,unknown,unknown,feature/epic-3,
2026-02-23,440316,unknown,unknown,feature/epic-3,
2026-02-23,440794,unknown,unknown,feature/epic-3,
2026-02-23,466607,unknown,unknown,feature/epic-3,
2026-02-23,469135,unknown,unknown,feature/epic-3,
2026-02-23,469346,unknown,unknown,feature/epic-3,
2026-02-23,469952,unknown,unknown,feature/epic-3,
2026-02-23,470340,unknown,unknown,feature/epic-3,
2026-02-23,480817,unknown,unknown,feature/epic-3,
2026-02-23,481000,unknown,unknown,feature/epic-3,
2026-02-23,502116,unknown,unknown,feature/epic-3,
2026-02-23,510456,unknown,unknown,feature/epic-3,
2026-02-23,523510,unknown,unknown,feature/epic-3,
2026-02-23,526170,unknown,unknown,feature/epic-3,
2026-02-23,527622,unknown,unknown,feature/epic-3,
2026-02-23,528494,unknown,unknown,feature/epic-3,
2026-02-23,532545,unknown,unknown,feature/epic-3,
2026-02-23,643840,unknown,unknown,feature/epic-3,
2026-02-23,654996,unknown,unknown,feature/epic-3,
2026-02-23,664559,unknown,unknown,feature/epic-3,
2026-02-23,675508,unknown,unknown,feature/epic-3,
2026-02-23,679887,unknown,unknown,feature/epic-3,
2026-02-23,692094,unknown,unknown,feature/epic-3,
2026-02-23,696561,unknown,unknown,feature/epic-3,
2026-02-24,700008,unknown,unknown,feature/epic-3,
2026-02-24,702778,unknown,unknown,feature/epic-3,
2026-02-24,703513,unknown,unknown,feature/epic-3,
2026-02-24,703824,unknown,unknown,feature/epic-3,
2026-02-24,712758,unknown,unknown,feature/epic-3,
2026-02-24,716391,unknown,unknown,feature/epic-3,
2026-02-24,720610,unknown,unknown,feature/epic-3,
2026-02-24,730410,unknown,unknown,feature/epic-3,
2026-02-24,735890,unknown,unknown,feature/epic-3,
2026-02-24,744371,unknown,unknown,feature/epic-3,
2026-02-24,748201,unknown,unknown,feature/epic-3,
2026-02-24,750448,unknown,unknown,feature/epic-3,
2026-02-24,751343,unknown,unknown,feature/epic-3,
2026-02-24,5364,unknown,unknown,feature/epic-3,
2026-02-24,7253,unknown,unknown,feature/epic-3,
2026-02-24,35484,unknown,unknown,dev,
2026-02-24,38625,unknown,unknown,dev,
2026-02-24,69488,unknown,unknown,feature/epic-4,
2026-02-24,69922,unknown,unknown,feature/epic-4,
2026-02-24,70206,unknown,unknown,feature/epic-4,
2026-02-24,74739,unknown,unknown,feature/epic-4,
2026-02-24,74922,unknown,unknown,feature/epic-4,
2026-02-24,75067,unknown,unknown,feature/epic-4,
2026-02-24,76028,unknown,unknown,feature/epic-4,
2026-02-24,77182,unknown,unknown,feature/epic-4,
2026-02-24,77233,unknown,unknown,feature/epic-4,
2026-02-24,77279,unknown,unknown,feature/epic-4,
2026-02-24,77312,unknown,unknown,feature/epic-4,
2026-02-24,77357,unknown,unknown,feature/epic-4,
2026-02-24,42932,unknown,unknown,feature/epic-4,
2026-02-24,60336,unknown,unknown,feature/epic-4,
2026-02-24,75242,unknown,unknown,feature/epic-4,
2026-02-24,165707,unknown,unknown,feature/epic-4,
2026-02-24,167658,unknown,unknown,feature/epic-4,
2026-02-24,173303,unknown,unknown,feature/epic-4,
2026-02-24,186418,unknown,unknown,feature/epic-4,
2026-02-24,195710,unknown,unknown,feature/epic-4,
2026-02-24,210234,unknown,unknown,feature/epic-4,
2026-02-24,225801,unknown,unknown,feature/epic-4,
2026-02-24,261166,unknown,unknown,feature/epic-4,
2026-02-24,272667,unknown,unknown,feature/epic-4,
2026-02-24,278278,unknown,unknown,feature/epic-4,
2026-02-24,292118,unknown,unknown,feature/epic-4,
2026-02-24,303438,unknown,unknown,feature/epic-4,
2026-02-24,315913,unknown,unknown,feature/epic-4,
2026-02-24,329663,unknown,unknown,feature/epic-4,
2026-02-24,341575,unknown,unknown,feature/epic-4,
2026-02-24,355835,unknown,unknown,feature/epic-4,
2026-02-24,366223,unknown,unknown,feature/epic-4,
2026-02-24,379821,unknown,unknown,feature/epic-4,
2026-02-24,391235,unknown,unknown,feature/epic-4,
2026-02-24,401486,unknown,unknown,feature/epic-4,
2026-02-24,417181,unknown,unknown,feature/epic-4,
2026-02-24,447564,unknown,unknown,feature/epic-4,
2026-02-24,459909,unknown,unknown,feature/epic-4,
2026-02-24,479400,unknown,unknown,feature/epic-4,
2026-02-24,484669,unknown,unknown,feature/epic-4,
2026-02-24,503544,unknown,unknown,feature/epic-4,
2026-02-24,511848,unknown,unknown,feature/epic-4,
2026-02-24,523111,unknown,unknown,feature/epic-4,
2026-02-24,539013,unknown,unknown,feature/epic-4,
2026-02-24,555839,unknown,unknown,feature/epic-4,
